"","Species","Week","Prop.Year","fSpecies","Quantity","Rank","SpawnTemp","fSpecies2"
"1","American Eel",NA,NA,NA,5,"Low","Warm",NA
"2","Atlantic Salmon",NA,NA,NA,2,"Low","Warm",NA
"3","Bigmouth Buffalo",34,0,"Bigmouth Buffalo",139,"Low","Warm","Bigmouth Buffalo"
"4","Bigmouth Buffalo",32,0,"Bigmouth Buffalo",139,"Low","Warm","Bigmouth Buffalo"
"5","Bigmouth Buffalo",31,0,"Bigmouth Buffalo",139,"Low","Warm","Bigmouth Buffalo"
"6","Bigmouth Buffalo",13,0,"Bigmouth Buffalo",139,"Low","Warm","Bigmouth Buffalo"
"7","Bigmouth Buffalo",22,0.0698034398034398,"Bigmouth Buffalo",139,"Low","Warm","Bigmouth Buffalo"
"8","Bigmouth Buffalo",33,0,"Bigmouth Buffalo",139,"Low","Warm","Bigmouth Buffalo"
"9","Bigmouth Buffalo",23,0.0825798525798526,"Bigmouth Buffalo",139,"Low","Warm","Bigmouth Buffalo"
"10","Bigmouth Buffalo",10,0,"Bigmouth Buffalo",139,"Low","Warm","Bigmouth Buffalo"
"11","Bigmouth Buffalo",19,0.153538083538084,"Bigmouth Buffalo",139,"Low","Warm","Bigmouth Buffalo"
"12","Bigmouth Buffalo",21,0.120565110565111,"Bigmouth Buffalo",139,"Low","Warm","Bigmouth Buffalo"
"13","Bigmouth Buffalo",20,0.223857493857494,"Bigmouth Buffalo",139,"Low","Warm","Bigmouth Buffalo"
"14","Bigmouth Buffalo",16,0.0108108108108108,"Bigmouth Buffalo",139,"Low","Warm","Bigmouth Buffalo"
"15","Bigmouth Buffalo",35,0,"Bigmouth Buffalo",139,"Low","Warm","Bigmouth Buffalo"
"16","Bigmouth Buffalo",25,0.01,"Bigmouth Buffalo",139,"Low","Warm","Bigmouth Buffalo"
"17","Bigmouth Buffalo",24,0,"Bigmouth Buffalo",139,"Low","Warm","Bigmouth Buffalo"
"18","Bigmouth Buffalo",14,0.0181818181818182,"Bigmouth Buffalo",139,"Low","Warm","Bigmouth Buffalo"
"19","Bigmouth Buffalo",30,0,"Bigmouth Buffalo",139,"Low","Warm","Bigmouth Buffalo"
"20","Bigmouth Buffalo",26,0.0545454545454545,"Bigmouth Buffalo",139,"Low","Warm","Bigmouth Buffalo"
"21","Bigmouth Buffalo",12,0,"Bigmouth Buffalo",139,"Low","Warm","Bigmouth Buffalo"
"22","Bigmouth Buffalo",11,0,"Bigmouth Buffalo",139,"Low","Warm","Bigmouth Buffalo"
"23","Bigmouth Buffalo",27,0.0254054054054054,"Bigmouth Buffalo",139,"Low","Warm","Bigmouth Buffalo"
"24","Bigmouth Buffalo",18,0.058992628992629,"Bigmouth Buffalo",139,"Low","Warm","Bigmouth Buffalo"
"25","Bigmouth Buffalo",17,0.142727272727273,"Bigmouth Buffalo",139,"Low","Warm","Bigmouth Buffalo"
"26","Bigmouth Buffalo",28,0.00540540540540541,"Bigmouth Buffalo",139,"Low","Warm","Bigmouth Buffalo"
"27","Bigmouth Buffalo",15,0.0235872235872236,"Bigmouth Buffalo",139,"Low","Warm","Bigmouth Buffalo"
"28","Bigmouth Buffalo",29,0,"Bigmouth Buffalo",139,"Low","Warm","Bigmouth Buffalo"
"29","Black Crappie",23,0,"Black Crappie",97,"Low","Warm","Black Crappie"
"30","Black Crappie",20,0.02,"Black Crappie",97,"Low","Warm","Black Crappie"
"31","Black Crappie",16,0.235714285714286,"Black Crappie",97,"Low","Warm","Black Crappie"
"32","Black Crappie",24,0.0342857142857143,"Black Crappie",97,"Low","Warm","Black Crappie"
"33","Black Crappie",15,0.0698412698412698,"Black Crappie",97,"Low","Warm","Black Crappie"
"34","Black Crappie",14,0.0388888888888889,"Black Crappie",97,"Low","Warm","Black Crappie"
"35","Black Crappie",25,0.0563492063492063,"Black Crappie",97,"Low","Warm","Black Crappie"
"36","Black Crappie",21,0.03,"Black Crappie",97,"Low","Warm","Black Crappie"
"37","Black Crappie",11,0,"Black Crappie",97,"Low","Warm","Black Crappie"
"38","Black Crappie",13,0.02,"Black Crappie",97,"Low","Warm","Black Crappie"
"39","Black Crappie",22,0.0533333333333333,"Black Crappie",97,"Low","Warm","Black Crappie"
"40","Black Crappie",18,0.0311111111111111,"Black Crappie",97,"Low","Warm","Black Crappie"
"41","Black Crappie",17,0.19984126984127,"Black Crappie",97,"Low","Warm","Black Crappie"
"42","Black Crappie",26,0.0111111111111111,"Black Crappie",97,"Low","Warm","Black Crappie"
"43","Black Crappie",10,0,"Black Crappie",97,"Low","Warm","Black Crappie"
"44","Black Crappie",35,0,"Black Crappie",97,"Low","Warm","Black Crappie"
"45","Black Crappie",34,0,"Black Crappie",97,"Low","Warm","Black Crappie"
"46","Black Crappie",33,0.0333333333333333,"Black Crappie",97,"Low","Warm","Black Crappie"
"47","Black Crappie",32,0.0111111111111111,"Black Crappie",97,"Low","Warm","Black Crappie"
"48","Black Crappie",12,0,"Black Crappie",97,"Low","Warm","Black Crappie"
"49","Black Crappie",30,0.01,"Black Crappie",97,"Low","Warm","Black Crappie"
"50","Black Crappie",19,0.113968253968254,"Black Crappie",97,"Low","Warm","Black Crappie"
"51","Black Crappie",28,0.01,"Black Crappie",97,"Low","Warm","Black Crappie"
"52","Black Crappie",27,0.0211111111111111,"Black Crappie",97,"Low","Warm","Black Crappie"
"53","Black Crappie",29,0,"Black Crappie",97,"Low","Warm","Black Crappie"
"54","Black Crappie",31,0,"Black Crappie",97,"Low","Warm","Black Crappie"
"55","Black x Brown Bullhead",NA,NA,NA,12,"Low","Warm",NA
"56","BlackXSmallmouth Buffalo",NA,NA,NA,3,"Low","Warm",NA
"57","Bowfin",9,0,"Bowfin",2722,"High","Warm","Bowfin"
"58","Bowfin",27,0.0159090872631425,"Bowfin",2722,"High","Warm","Bowfin"
"59","Bowfin",26,0.0150940974315046,"Bowfin",2722,"High","Warm","Bowfin"
"60","Bowfin",16,0.190090150608015,"Bowfin",2722,"High","Warm","Bowfin"
"61","Bowfin",34,0.0131585346720393,"Bowfin",2722,"High","Warm","Bowfin"
"62","Bowfin",33,0.0115730924822019,"Bowfin",2722,"High","Warm","Bowfin"
"63","Bowfin",23,0.0201818348530804,"Bowfin",2722,"High","Warm","Bowfin"
"64","Bowfin",13,0.036760099737096,"Bowfin",2722,"High","Warm","Bowfin"
"65","Bowfin",31,0.012435152077004,"Bowfin",2722,"High","Warm","Bowfin"
"66","Bowfin",30,0.0187699224132245,"Bowfin",2722,"High","Warm","Bowfin"
"67","Bowfin",20,0.0235838680307027,"Bowfin",2722,"High","Warm","Bowfin"
"68","Bowfin",10,0,"Bowfin",2722,"High","Warm","Bowfin"
"69","Bowfin",29,0.0204520244363912,"Bowfin",2722,"High","Warm","Bowfin"
"70","Bowfin",28,0.0176491911695132,"Bowfin",2722,"High","Warm","Bowfin"
"71","Bowfin",18,0.0745380374494635,"Bowfin",2722,"High","Warm","Bowfin"
"72","Bowfin",17,0.172648733711424,"Bowfin",2722,"High","Warm","Bowfin"
"73","Bowfin",35,0.00498724727905274,"Bowfin",2722,"High","Warm","Bowfin"
"74","Bowfin",25,0.0169576884206539,"Bowfin",2722,"High","Warm","Bowfin"
"75","Bowfin",24,0.0163684104961193,"Bowfin",2722,"High","Warm","Bowfin"
"76","Bowfin",14,0.0567630734820774,"Bowfin",2722,"High","Warm","Bowfin"
"77","Bowfin",32,0.0126767660729153,"Bowfin",2722,"High","Warm","Bowfin"
"78","Bowfin",22,0.0194306230317538,"Bowfin",2722,"High","Warm","Bowfin"
"79","Bowfin",21,0.0238652325182782,"Bowfin",2722,"High","Warm","Bowfin"
"80","Bowfin",11,0.0036716878822142,"Bowfin",2722,"High","Warm","Bowfin"
"81","Bowfin",19,0.0551412905543294,"Bowfin",2722,"High","Warm","Bowfin"
"82","Bowfin",15,0.128438440686177,"Bowfin",2722,"High","Warm","Bowfin"
"83","Bowfin",12,0.0234296857103291,"Bowfin",2722,"High","Warm","Bowfin"
"84","Brown Bullhead",11,0.0226768647919743,"Brown Bullhead",430799,"High","Warm","Brown Bullhead"
"85","Brown Bullhead",10,0.0209658085616717,"Brown Bullhead",430799,"High","Warm","Brown Bullhead"
"86","Brown Bullhead",18,0.055119495638664,"Brown Bullhead",430799,"High","Warm","Brown Bullhead"
"87","Brown Bullhead",17,0.0937712933289345,"Brown Bullhead",430799,"High","Warm","Brown Bullhead"
"88","Brown Bullhead",16,0.105936513881508,"Brown Bullhead",430799,"High","Warm","Brown Bullhead"
"89","Brown Bullhead",15,0.115969213497765,"Brown Bullhead",430799,"High","Warm","Brown Bullhead"
"90","Brown Bullhead",14,0.0466939849645138,"Brown Bullhead",430799,"High","Warm","Brown Bullhead"
"91","Brown Bullhead",13,0.0357304844325522,"Brown Bullhead",430799,"High","Warm","Brown Bullhead"
"92","Brown Bullhead",9,0.00146175637590874,"Brown Bullhead",430799,"High","Warm","Brown Bullhead"
"93","Brown Bullhead",12,0.0217115440028888,"Brown Bullhead",430799,"High","Warm","Brown Bullhead"
"94","Brown Bullhead",31,0.00881172553211513,"Brown Bullhead",430799,"High","Warm","Brown Bullhead"
"95","Brown Bullhead",30,0.0180712213144516,"Brown Bullhead",430799,"High","Warm","Brown Bullhead"
"96","Brown Bullhead",20,0.040873789217824,"Brown Bullhead",430799,"High","Warm","Brown Bullhead"
"97","Brown Bullhead",19,0.052341630756263,"Brown Bullhead",430799,"High","Warm","Brown Bullhead"
"98","Brown Bullhead",29,0.0154882349926931,"Brown Bullhead",430799,"High","Warm","Brown Bullhead"
"99","Brown Bullhead",28,0.0205232464382389,"Brown Bullhead",430799,"High","Warm","Brown Bullhead"
"100","Brown Bullhead",27,0.0307179457440758,"Brown Bullhead",430799,"High","Warm","Brown Bullhead"
"101","Brown Bullhead",26,0.0572628757341897,"Brown Bullhead",430799,"High","Warm","Brown Bullhead"
"102","Brown Bullhead",35,0.00715334802969395,"Brown Bullhead",430799,"High","Warm","Brown Bullhead"
"103","Brown Bullhead",34,0.00925242195256705,"Brown Bullhead",430799,"High","Warm","Brown Bullhead"
"104","Brown Bullhead",33,0.0091029456517575,"Brown Bullhead",430799,"High","Warm","Brown Bullhead"
"105","Brown Bullhead",23,0.0472233241320158,"Brown Bullhead",430799,"High","Warm","Brown Bullhead"
"106","Brown Bullhead",32,0.007549836421103,"Brown Bullhead",430799,"High","Warm","Brown Bullhead"
"107","Brown Bullhead",22,0.0419766351831441,"Brown Bullhead",430799,"High","Warm","Brown Bullhead"
"108","Brown Bullhead",21,0.0291685624001233,"Brown Bullhead",430799,"High","Warm","Brown Bullhead"
"109","Brown Bullhead",24,0.0520184436694031,"Brown Bullhead",430799,"High","Warm","Brown Bullhead"
"110","Brown Bullhead",25,0.0623573317646943,"Brown Bullhead",430799,"High","Warm","Brown Bullhead"
"111","Brown Trout",NA,NA,NA,25,"Low","Warm",NA
"112","Channel Catfish",20,0.0500451380884391,"Channel Catfish",22256,"High","Warm","Channel Catfish"
"113","Channel Catfish",19,0.0453553552426724,"Channel Catfish",22256,"High","Warm","Channel Catfish"
"114","Channel Catfish",10,0,"Channel Catfish",22256,"High","Warm","Channel Catfish"
"115","Channel Catfish",17,0.00997560840787634,"Channel Catfish",22256,"High","Warm","Channel Catfish"
"116","Channel Catfish",16,0.00921174720302582,"Channel Catfish",22256,"High","Warm","Channel Catfish"
"117","Channel Catfish",9,0,"Channel Catfish",22256,"High","Warm","Channel Catfish"
"118","Channel Catfish",18,0.0166166329955226,"Channel Catfish",22256,"High","Warm","Channel Catfish"
"119","Channel Catfish",14,0.000845959153386143,"Channel Catfish",22256,"High","Warm","Channel Catfish"
"120","Channel Catfish",13,0.00251120020467442,"Channel Catfish",22256,"High","Warm","Channel Catfish"
"121","Channel Catfish",12,0.000949190472012164,"Channel Catfish",22256,"High","Warm","Channel Catfish"
"122","Channel Catfish",11,0.000222829750580481,"Channel Catfish",22256,"High","Warm","Channel Catfish"
"123","Channel Catfish",21,0.0543894225935229,"Channel Catfish",22256,"High","Warm","Channel Catfish"
"124","Channel Catfish",31,0.0158701318067555,"Channel Catfish",22256,"High","Warm","Channel Catfish"
"125","Channel Catfish",30,0.0276205314173988,"Channel Catfish",22256,"High","Warm","Channel Catfish"
"126","Channel Catfish",29,0.0382051664830308,"Channel Catfish",22256,"High","Warm","Channel Catfish"
"127","Channel Catfish",15,0.00570938952856148,"Channel Catfish",22256,"High","Warm","Channel Catfish"
"128","Channel Catfish",28,0.0712122016897474,"Channel Catfish",22256,"High","Warm","Channel Catfish"
"129","Channel Catfish",27,0.0812562113927877,"Channel Catfish",22256,"High","Warm","Channel Catfish"
"130","Channel Catfish",26,0.0921155086011948,"Channel Catfish",22256,"High","Warm","Channel Catfish"
"131","Channel Catfish",22,0.103502269871951,"Channel Catfish",22256,"High","Warm","Channel Catfish"
"132","Channel Catfish",25,0.100688524544986,"Channel Catfish",22256,"High","Warm","Channel Catfish"
"133","Channel Catfish",24,0.123622513224045,"Channel Catfish",22256,"High","Warm","Channel Catfish"
"134","Channel Catfish",23,0.0879697523874366,"Channel Catfish",22256,"High","Warm","Channel Catfish"
"135","Channel Catfish",34,0.0189192109989134,"Channel Catfish",22256,"High","Warm","Channel Catfish"
"136","Channel Catfish",32,0.0179438147729672,"Channel Catfish",22256,"High","Warm","Channel Catfish"
"137","Channel Catfish",35,0.00809403403472486,"Channel Catfish",22256,"High","Warm","Channel Catfish"
"138","Channel Catfish",33,0.0173685162707078,"Channel Catfish",22256,"High","Warm","Channel Catfish"
"139","Chinook Salmon",NA,NA,NA,1,"Low","Warm",NA
"140","Common Carp",11,0.00240825923266111,"Common Carp",179110,"High","Warm","Common Carp"
"141","Common Carp",9,0,"Common Carp",179110,"High","Warm","Common Carp"
"142","Common Carp",18,0.0454553217626877,"Common Carp",179110,"High","Warm","Common Carp"
"143","Common Carp",10,0.000264290126582166,"Common Carp",179110,"High","Warm","Common Carp"
"144","Common Carp",20,0.102131289432217,"Common Carp",179110,"High","Warm","Common Carp"
"145","Common Carp",19,0.0751851206083218,"Common Carp",179110,"High","Warm","Common Carp"
"146","Common Carp",15,0.01210839001003,"Common Carp",179110,"High","Warm","Common Carp"
"147","Common Carp",17,0.0297124542423194,"Common Carp",179110,"High","Warm","Common Carp"
"148","Common Carp",16,0.0152436952717146,"Common Carp",179110,"High","Warm","Common Carp"
"149","Common Carp",26,0.050517928002586,"Common Carp",179110,"High","Warm","Common Carp"
"150","Common Carp",12,0.00315548772087824,"Common Carp",179110,"High","Warm","Common Carp"
"151","Common Carp",22,0.150633096569569,"Common Carp",179110,"High","Warm","Common Carp"
"152","Common Carp",21,0.124893919101123,"Common Carp",179110,"High","Warm","Common Carp"
"153","Common Carp",31,0.00566616933460442,"Common Carp",179110,"High","Warm","Common Carp"
"154","Common Carp",30,0.00901313996729858,"Common Carp",179110,"High","Warm","Common Carp"
"155","Common Carp",29,0.0121065420175141,"Common Carp",179110,"High","Warm","Common Carp"
"156","Common Carp",28,0.0162050283047153,"Common Carp",179110,"High","Warm","Common Carp"
"157","Common Carp",27,0.0216449752297527,"Common Carp",179110,"High","Warm","Common Carp"
"158","Common Carp",23,0.113641000566801,"Common Carp",179110,"High","Warm","Common Carp"
"159","Common Carp",33,0.00423132433554486,"Common Carp",179110,"High","Warm","Common Carp"
"160","Common Carp",14,0.00931757769468882,"Common Carp",179110,"High","Warm","Common Carp"
"161","Common Carp",13,0.00451089714048229,"Common Carp",179110,"High","Warm","Common Carp"
"162","Common Carp",24,0.109526790029104,"Common Carp",179110,"High","Warm","Common Carp"
"163","Common Carp",34,0.00323703949739217,"Common Carp",179110,"High","Warm","Common Carp"
"164","Common Carp",32,0.00509338410181787,"Common Carp",179110,"High","Warm","Common Carp"
"165","Common Carp",35,0.00283260810619701,"Common Carp",179110,"High","Warm","Common Carp"
"166","Common Carp",25,0.0729891834427188,"Common Carp",179110,"High","Warm","Common Carp"
"167","Common Carp x Goldfish",12,0.00739219537031604,"Common Carp x Goldfish",4345,"High","Warm","Common Carp x Goldfish"
"168","Common Carp x Goldfish",17,0.0348867496687419,"Common Carp x Goldfish",4345,"High","Warm","Common Carp x Goldfish"
"169","Common Carp x Goldfish",19,0.125924751843408,"Common Carp x Goldfish",4345,"High","Warm","Common Carp x Goldfish"
"170","Common Carp x Goldfish",10,0.000655737704918033,"Common Carp x Goldfish",4345,"High","Warm","Common Carp x Goldfish"
"171","Common Carp x Goldfish",16,0.0199540992767316,"Common Carp x Goldfish",4345,"High","Warm","Common Carp x Goldfish"
"172","Common Carp x Goldfish",27,0.00715865448491994,"Common Carp x Goldfish",4345,"High","Warm","Common Carp x Goldfish"
"173","Common Carp x Goldfish",9,0,"Common Carp x Goldfish",4345,"High","Warm","Common Carp x Goldfish"
"174","Common Carp x Goldfish",18,0.0790773224138864,"Common Carp x Goldfish",4345,"High","Warm","Common Carp x Goldfish"
"175","Common Carp x Goldfish",20,0.141075017523868,"Common Carp x Goldfish",4345,"High","Warm","Common Carp x Goldfish"
"176","Common Carp x Goldfish",13,0.0159132224712526,"Common Carp x Goldfish",4345,"High","Warm","Common Carp x Goldfish"
"177","Common Carp x Goldfish",23,0.0611826802791688,"Common Carp x Goldfish",4345,"High","Warm","Common Carp x Goldfish"
"178","Common Carp x Goldfish",11,0.0123007085815144,"Common Carp x Goldfish",4345,"High","Warm","Common Carp x Goldfish"
"179","Common Carp x Goldfish",28,0.011072033585605,"Common Carp x Goldfish",4345,"High","Warm","Common Carp x Goldfish"
"180","Common Carp x Goldfish",31,0.0104523893143841,"Common Carp x Goldfish",4345,"High","Warm","Common Carp x Goldfish"
"181","Common Carp x Goldfish",30,0.0149866987370509,"Common Carp x Goldfish",4345,"High","Warm","Common Carp x Goldfish"
"182","Common Carp x Goldfish",29,0.00716297934913526,"Common Carp x Goldfish",4345,"High","Warm","Common Carp x Goldfish"
"183","Common Carp x Goldfish",21,0.135156787427289,"Common Carp x Goldfish",4345,"High","Warm","Common Carp x Goldfish"
"184","Common Carp x Goldfish",14,0.025627332947632,"Common Carp x Goldfish",4345,"High","Warm","Common Carp x Goldfish"
"185","Common Carp x Goldfish",24,0.0410571425141517,"Common Carp x Goldfish",4345,"High","Warm","Common Carp x Goldfish"
"186","Common Carp x Goldfish",26,0.0172894937334568,"Common Carp x Goldfish",4345,"High","Warm","Common Carp x Goldfish"
"187","Common Carp x Goldfish",22,0.10248919456106,"Common Carp x Goldfish",4345,"High","Warm","Common Carp x Goldfish"
"188","Common Carp x Goldfish",32,0.0196643847859071,"Common Carp x Goldfish",4345,"High","Warm","Common Carp x Goldfish"
"189","Common Carp x Goldfish",25,0.0290997546230501,"Common Carp x Goldfish",4345,"High","Warm","Common Carp x Goldfish"
"190","Common Carp x Goldfish",34,0.0170154649768695,"Common Carp x Goldfish",4345,"High","Warm","Common Carp x Goldfish"
"191","Common Carp x Goldfish",15,0.0324011661517913,"Common Carp x Goldfish",4345,"High","Warm","Common Carp x Goldfish"
"192","Common Carp x Goldfish",35,0.0107486060485382,"Common Carp x Goldfish",4345,"High","Warm","Common Carp x Goldfish"
"193","Common Carp x Goldfish",33,0.0279205189658636,"Common Carp x Goldfish",4345,"High","Warm","Common Carp x Goldfish"
"194","Freshwater Drum",19,0.0398515404233567,"Freshwater Drum",14394,"High","Warm","Freshwater Drum"
"195","Freshwater Drum",17,0.00964781746018964,"Freshwater Drum",14394,"High","Warm","Freshwater Drum"
"196","Freshwater Drum",20,0.0409263051694171,"Freshwater Drum",14394,"High","Warm","Freshwater Drum"
"197","Freshwater Drum",11,0,"Freshwater Drum",14394,"High","Warm","Freshwater Drum"
"198","Freshwater Drum",10,0,"Freshwater Drum",14394,"High","Warm","Freshwater Drum"
"199","Freshwater Drum",16,0.00449658151036523,"Freshwater Drum",14394,"High","Warm","Freshwater Drum"
"200","Freshwater Drum",18,0.0360800696521515,"Freshwater Drum",14394,"High","Warm","Freshwater Drum"
"201","Freshwater Drum",9,0,"Freshwater Drum",14394,"High","Warm","Freshwater Drum"
"202","Freshwater Drum",28,0.042384715015314,"Freshwater Drum",14394,"High","Warm","Freshwater Drum"
"203","Freshwater Drum",13,0.00121546785926263,"Freshwater Drum",14394,"High","Warm","Freshwater Drum"
"204","Freshwater Drum",30,0.0506302961280253,"Freshwater Drum",14394,"High","Warm","Freshwater Drum"
"205","Freshwater Drum",12,0.000549853372434018,"Freshwater Drum",14394,"High","Warm","Freshwater Drum"
"206","Freshwater Drum",22,0.0893982959998491,"Freshwater Drum",14394,"High","Warm","Freshwater Drum"
"207","Freshwater Drum",21,0.0560607861965686,"Freshwater Drum",14394,"High","Warm","Freshwater Drum"
"208","Freshwater Drum",31,0.0227635390660823,"Freshwater Drum",14394,"High","Warm","Freshwater Drum"
"209","Freshwater Drum",26,0.08521084068961,"Freshwater Drum",14394,"High","Warm","Freshwater Drum"
"210","Freshwater Drum",29,0.0388851196287305,"Freshwater Drum",14394,"High","Warm","Freshwater Drum"
"211","Freshwater Drum",14,0.000572619805644737,"Freshwater Drum",14394,"High","Warm","Freshwater Drum"
"212","Freshwater Drum",27,0.0500902784707109,"Freshwater Drum",14394,"High","Warm","Freshwater Drum"
"213","Freshwater Drum",23,0.091312076183951,"Freshwater Drum",14394,"High","Warm","Freshwater Drum"
"214","Freshwater Drum",15,0.00391810663773778,"Freshwater Drum",14394,"High","Warm","Freshwater Drum"
"215","Freshwater Drum",24,0.104758037571632,"Freshwater Drum",14394,"High","Warm","Freshwater Drum"
"216","Freshwater Drum",35,0.0164672814586669,"Freshwater Drum",14394,"High","Warm","Freshwater Drum"
"217","Freshwater Drum",33,0.0475429872072703,"Freshwater Drum",14394,"High","Warm","Freshwater Drum"
"218","Freshwater Drum",32,0.0419102984922016,"Freshwater Drum",14394,"High","Warm","Freshwater Drum"
"219","Freshwater Drum",34,0.0305997112638235,"Freshwater Drum",14394,"High","Warm","Freshwater Drum"
"220","Freshwater Drum",25,0.0947933571416971,"Freshwater Drum",14394,"High","Warm","Freshwater Drum"
"221","Giant crayfish",NA,NA,NA,1,"Low","Warm",NA
"222","Gizzard Shad",9,0,"Gizzard Shad",45221,"High","Cool","Gizzard Shad"
"223","Gizzard Shad",18,0.0613084603574837,"Gizzard Shad",45221,"High","Cool","Gizzard Shad"
"224","Gizzard Shad",16,0.0314357691626464,"Gizzard Shad",45221,"High","Cool","Gizzard Shad"
"225","Gizzard Shad",25,0.127251043845382,"Gizzard Shad",45221,"High","Cool","Gizzard Shad"
"226","Gizzard Shad",23,0.0592078414550883,"Gizzard Shad",45221,"High","Cool","Gizzard Shad"
"227","Gizzard Shad",30,0.0333971843610292,"Gizzard Shad",45221,"High","Cool","Gizzard Shad"
"228","Gizzard Shad",10,0.000135860335575029,"Gizzard Shad",45221,"High","Cool","Gizzard Shad"
"229","Gizzard Shad",19,0.06492142421967,"Gizzard Shad",45221,"High","Cool","Gizzard Shad"
"230","Gizzard Shad",17,0.0429715687944589,"Gizzard Shad",45221,"High","Cool","Gizzard Shad"
"231","Gizzard Shad",26,0.113044924339263,"Gizzard Shad",45221,"High","Cool","Gizzard Shad"
"232","Gizzard Shad",24,0.079540298750818,"Gizzard Shad",45221,"High","Cool","Gizzard Shad"
"233","Gizzard Shad",31,0.0106911996844284,"Gizzard Shad",45221,"High","Cool","Gizzard Shad"
"234","Gizzard Shad",11,0.00221763693375587,"Gizzard Shad",45221,"High","Cool","Gizzard Shad"
"235","Gizzard Shad",20,0.0447060516669884,"Gizzard Shad",45221,"High","Cool","Gizzard Shad"
"236","Gizzard Shad",29,0.0273889605443762,"Gizzard Shad",45221,"High","Cool","Gizzard Shad"
"237","Gizzard Shad",27,0.0607866442983794,"Gizzard Shad",45221,"High","Cool","Gizzard Shad"
"238","Gizzard Shad",34,0.000273363460370585,"Gizzard Shad",45221,"High","Cool","Gizzard Shad"
"239","Gizzard Shad",32,0.00198455001638913,"Gizzard Shad",45221,"High","Cool","Gizzard Shad"
"240","Gizzard Shad",12,0.00632542689448477,"Gizzard Shad",45221,"High","Cool","Gizzard Shad"
"241","Gizzard Shad",21,0.0368779155647335,"Gizzard Shad",45221,"High","Cool","Gizzard Shad"
"242","Gizzard Shad",13,0.00681943247213149,"Gizzard Shad",45221,"High","Cool","Gizzard Shad"
"243","Gizzard Shad",28,0.0528181603141916,"Gizzard Shad",45221,"High","Cool","Gizzard Shad"
"244","Gizzard Shad",35,0.000164719664295065,"Gizzard Shad",45221,"High","Cool","Gizzard Shad"
"245","Gizzard Shad",33,0.00147597528308559,"Gizzard Shad",45221,"High","Cool","Gizzard Shad"
"246","Gizzard Shad",15,0.033476775418963,"Gizzard Shad",45221,"High","Cool","Gizzard Shad"
"247","Gizzard Shad",22,0.0896543421226004,"Gizzard Shad",45221,"High","Cool","Gizzard Shad"
"248","Gizzard Shad",14,0.0116166984032514,"Gizzard Shad",45221,"High","Cool","Gizzard Shad"
"249","Golden Redhorse",NA,NA,NA,3,"Low","Warm",NA
"250","Goldfish",9,0,"Goldfish",23160,"High","Warm","Goldfish"
"251","Goldfish",12,0.0243803317092489,"Goldfish",23160,"High","Warm","Goldfish"
"252","Goldfish",10,0.0197051068609412,"Goldfish",23160,"High","Warm","Goldfish"
"253","Goldfish",20,0.0982469972348798,"Goldfish",23160,"High","Warm","Goldfish"
"254","Goldfish",11,0.017535417056371,"Goldfish",23160,"High","Warm","Goldfish"
"255","Goldfish",21,0.0687935526854667,"Goldfish",23160,"High","Warm","Goldfish"
"256","Goldfish",17,0.125493678184405,"Goldfish",23160,"High","Warm","Goldfish"
"257","Goldfish",19,0.130958598153872,"Goldfish",23160,"High","Warm","Goldfish"
"258","Goldfish",29,0.00394604953979312,"Goldfish",23160,"High","Warm","Goldfish"
"259","Goldfish",18,0.133594666724107,"Goldfish",23160,"High","Warm","Goldfish"
"260","Goldfish",13,0.0418459694427225,"Goldfish",23160,"High","Warm","Goldfish"
"261","Goldfish",23,0.0176550907209848,"Goldfish",23160,"High","Warm","Goldfish"
"262","Goldfish",22,0.0428786410413637,"Goldfish",23160,"High","Warm","Goldfish"
"263","Goldfish",32,0.00143240517469444,"Goldfish",23160,"High","Warm","Goldfish"
"264","Goldfish",14,0.0390928132884934,"Goldfish",23160,"High","Warm","Goldfish"
"265","Goldfish",31,0.00288448992952422,"Goldfish",23160,"High","Warm","Goldfish"
"266","Goldfish",30,0.0116761201760955,"Goldfish",23160,"High","Warm","Goldfish"
"267","Goldfish",15,0.109108073989576,"Goldfish",23160,"High","Warm","Goldfish"
"268","Goldfish",26,0.003044560985203,"Goldfish",23160,"High","Warm","Goldfish"
"269","Goldfish",28,0.00303158643042149,"Goldfish",23160,"High","Warm","Goldfish"
"270","Goldfish",16,0.0871574710859489,"Goldfish",23160,"High","Warm","Goldfish"
"271","Goldfish",33,0.00456378119932907,"Goldfish",23160,"High","Warm","Goldfish"
"272","Goldfish",24,0.0066187492669516,"Goldfish",23160,"High","Warm","Goldfish"
"273","Goldfish",34,0.0153473337696758,"Goldfish",23160,"High","Warm","Goldfish"
"274","Goldfish",27,0.00186475025870076,"Goldfish",23160,"High","Warm","Goldfish"
"275","Goldfish",25,0.00595591622350497,"Goldfish",23160,"High","Warm","Goldfish"
"276","Goldfish",35,0.00871816579977001,"Goldfish",23160,"High","Warm","Goldfish"
"277","Greater Redhorse",NA,NA,NA,2,"Low","Warm",NA
"278","Lake Trout",NA,NA,NA,8,"Low","Warm",NA
"279","Largemouth Bass",11,0.00909090909090909,"Largemouth Bass",598,"Mod","Warm","Largemouth Bass"
"280","Largemouth Bass",9,0,"Largemouth Bass",598,"Mod","Warm","Largemouth Bass"
"281","Largemouth Bass",19,0.108680675665323,"Largemouth Bass",598,"Mod","Warm","Largemouth Bass"
"282","Largemouth Bass",12,0.0197192513368984,"Largemouth Bass",598,"Mod","Warm","Largemouth Bass"
"283","Largemouth Bass",22,0.0120769094453305,"Largemouth Bass",598,"Mod","Warm","Largemouth Bass"
"284","Largemouth Bass",10,0,"Largemouth Bass",598,"Mod","Warm","Largemouth Bass"
"285","Largemouth Bass",20,0.0763678692120573,"Largemouth Bass",598,"Mod","Warm","Largemouth Bass"
"286","Largemouth Bass",30,0.00995310732152837,"Largemouth Bass",598,"Mod","Warm","Largemouth Bass"
"287","Largemouth Bass",29,0.018408855943482,"Largemouth Bass",598,"Mod","Warm","Largemouth Bass"
"288","Largemouth Bass",18,0.141515680919936,"Largemouth Bass",598,"Mod","Warm","Largemouth Bass"
"289","Largemouth Bass",14,0.015015479876161,"Largemouth Bass",598,"Mod","Warm","Largemouth Bass"
"290","Largemouth Bass",13,0.00558213716108453,"Largemouth Bass",598,"Mod","Warm","Largemouth Bass"
"291","Largemouth Bass",23,0.0177045837221819,"Largemouth Bass",598,"Mod","Warm","Largemouth Bass"
"292","Largemouth Bass",33,0.0240559187112878,"Largemouth Bass",598,"Mod","Warm","Largemouth Bass"
"293","Largemouth Bass",21,0.0517174477578584,"Largemouth Bass",598,"Mod","Warm","Largemouth Bass"
"294","Largemouth Bass",31,0.0301613957610019,"Largemouth Bass",598,"Mod","Warm","Largemouth Bass"
"295","Largemouth Bass",16,0.130482499341027,"Largemouth Bass",598,"Mod","Warm","Largemouth Bass"
"296","Largemouth Bass",26,0.0168788969098567,"Largemouth Bass",598,"Mod","Warm","Largemouth Bass"
"297","Largemouth Bass",15,0.0540557907430972,"Largemouth Bass",598,"Mod","Warm","Largemouth Bass"
"298","Largemouth Bass",17,0.129589503700208,"Largemouth Bass",598,"Mod","Warm","Largemouth Bass"
"299","Largemouth Bass",24,0.0135017162717994,"Largemouth Bass",598,"Mod","Warm","Largemouth Bass"
"300","Largemouth Bass",34,0.00668016194331984,"Largemouth Bass",598,"Mod","Warm","Largemouth Bass"
"301","Largemouth Bass",25,0.0227348361208553,"Largemouth Bass",598,"Mod","Warm","Largemouth Bass"
"302","Largemouth Bass",28,0.023893904063368,"Largemouth Bass",598,"Mod","Warm","Largemouth Bass"
"303","Largemouth Bass",27,0.0276436392291044,"Largemouth Bass",598,"Mod","Warm","Largemouth Bass"
"304","Largemouth Bass",32,0.0263897108559916,"Largemouth Bass",598,"Mod","Warm","Largemouth Bass"
"305","Largemouth Bass",35,0.0155189049925892,"Largemouth Bass",598,"Mod","Warm","Largemouth Bass"
"306","Longnose Gar",NA,NA,NA,26,"Low","Warm",NA
"307","Longnose Sucker",NA,NA,NA,2,"Low","Warm",NA
"308","NO FISH",NA,NA,NA,0,"Low","Warm",NA
"309","Northern Pike",9,0.0521571406077783,"Northern Pike",1066,"High","Cool","Northern Pike"
"310","Northern Pike",10,0.0564053207489893,"Northern Pike",1066,"High","Cool","Northern Pike"
"311","Northern Pike",16,0.0680055336656185,"Northern Pike",1066,"High","Cool","Northern Pike"
"312","Northern Pike",11,0.150209418248791,"Northern Pike",1066,"High","Cool","Northern Pike"
"313","Northern Pike",14,0.0950211213170761,"Northern Pike",1066,"High","Cool","Northern Pike"
"314","Northern Pike",18,0.0413210477841081,"Northern Pike",1066,"High","Cool","Northern Pike"
"315","Northern Pike",21,0.0338675610648349,"Northern Pike",1066,"High","Cool","Northern Pike"
"316","Northern Pike",19,0.0653697606409511,"Northern Pike",1066,"High","Cool","Northern Pike"
"317","Northern Pike",17,0.0484455684698341,"Northern Pike",1066,"High","Cool","Northern Pike"
"318","Northern Pike",12,0.0782477369589581,"Northern Pike",1066,"High","Cool","Northern Pike"
"319","Northern Pike",15,0.0967813562954862,"Northern Pike",1066,"High","Cool","Northern Pike"
"320","Northern Pike",13,0.168713989584697,"Northern Pike",1066,"High","Cool","Northern Pike"
"321","Northern Pike",22,0.0359193516434439,"Northern Pike",1066,"High","Cool","Northern Pike"
"322","Northern Pike",20,0.0235820923160742,"Northern Pike",1066,"High","Cool","Northern Pike"
"323","Northern Pike",29,0.00237260601915185,"Northern Pike",1066,"High","Cool","Northern Pike"
"324","Northern Pike",32,0.00145348837209302,"Northern Pike",1066,"High","Cool","Northern Pike"
"325","Northern Pike",27,0.00653927268581851,"Northern Pike",1066,"High","Cool","Northern Pike"
"326","Northern Pike",25,0.00616662189990151,"Northern Pike",1066,"High","Cool","Northern Pike"
"327","Northern Pike",23,0.0231622129056168,"Northern Pike",1066,"High","Cool","Northern Pike"
"328","Northern Pike",26,0.0172452120383037,"Northern Pike",1066,"High","Cool","Northern Pike"
"329","Northern Pike",30,0.00240721288515406,"Northern Pike",1066,"High","Cool","Northern Pike"
"330","Northern Pike",33,0.000919117647058824,"Northern Pike",1066,"High","Cool","Northern Pike"
"331","Northern Pike",28,0,"Northern Pike",1066,"High","Cool","Northern Pike"
"332","Northern Pike",34,0.00828912466843501,"Northern Pike",1066,"High","Cool","Northern Pike"
"333","Northern Pike",24,0.0225686930042876,"Northern Pike",1066,"High","Cool","Northern Pike"
"334","Northern Pike",35,0,"Northern Pike",1066,"High","Cool","Northern Pike"
"335","Northern Pike",31,0.000359195402298851,"Northern Pike",1066,"High","Cool","Northern Pike"
"336","Rainbow Trout",9,0.126841508823053,"Rainbow Trout",3598,"High","Cold","Rainbow Trout"
"337","Rainbow Trout",20,0.0945274603127653,"Rainbow Trout",3598,"High","Cold","Rainbow Trout"
"338","Rainbow Trout",10,0.197348144773929,"Rainbow Trout",3598,"High","Cold","Rainbow Trout"
"339","Rainbow Trout",16,0.0303153361767542,"Rainbow Trout",3598,"High","Cold","Rainbow Trout"
"340","Rainbow Trout",11,0.133118756172829,"Rainbow Trout",3598,"High","Cold","Rainbow Trout"
"341","Rainbow Trout",23,0.0330437625116202,"Rainbow Trout",3598,"High","Cold","Rainbow Trout"
"342","Rainbow Trout",18,0.0555435993911921,"Rainbow Trout",3598,"High","Cold","Rainbow Trout"
"343","Rainbow Trout",21,0.0759407976479981,"Rainbow Trout",3598,"High","Cold","Rainbow Trout"
"344","Rainbow Trout",19,0.0711185045598258,"Rainbow Trout",3598,"High","Cold","Rainbow Trout"
"345","Rainbow Trout",17,0.0442321919336712,"Rainbow Trout",3598,"High","Cold","Rainbow Trout"
"346","Rainbow Trout",12,0.106575656606934,"Rainbow Trout",3598,"High","Cold","Rainbow Trout"
"347","Rainbow Trout",24,0.0198148076813592,"Rainbow Trout",3598,"High","Cold","Rainbow Trout"
"348","Rainbow Trout",13,0.090618261297927,"Rainbow Trout",3598,"High","Cold","Rainbow Trout"
"349","Rainbow Trout",22,0.0662612932572639,"Rainbow Trout",3598,"High","Cold","Rainbow Trout"
"350","Rainbow Trout",31,0,"Rainbow Trout",3598,"High","Cold","Rainbow Trout"
"351","Rainbow Trout",29,0.000327225130890052,"Rainbow Trout",3598,"High","Cold","Rainbow Trout"
"352","Rainbow Trout",27,0.000548245614035088,"Rainbow Trout",3598,"High","Cold","Rainbow Trout"
"353","Rainbow Trout",25,0.010361717682995,"Rainbow Trout",3598,"High","Cold","Rainbow Trout"
"354","Rainbow Trout",14,0.0473515216400069,"Rainbow Trout",3598,"High","Cold","Rainbow Trout"
"355","Rainbow Trout",34,0,"Rainbow Trout",3598,"High","Cold","Rainbow Trout"
"356","Rainbow Trout",32,0,"Rainbow Trout",3598,"High","Cold","Rainbow Trout"
"357","Rainbow Trout",30,0.000443262411347518,"Rainbow Trout",3598,"High","Cold","Rainbow Trout"
"358","Rainbow Trout",28,0.000293427230046948,"Rainbow Trout",3598,"High","Cold","Rainbow Trout"
"359","Rainbow Trout",26,0.00290034863171682,"Rainbow Trout",3598,"High","Cold","Rainbow Trout"
"360","Rainbow Trout",15,0.0394285889497522,"Rainbow Trout",3598,"High","Cold","Rainbow Trout"
"361","Rainbow Trout",35,0,"Rainbow Trout",3598,"High","Cold","Rainbow Trout"
"362","Rainbow Trout",33,0,"Rainbow Trout",3598,"High","Cold","Rainbow Trout"
"363","Rock Bass",NA,NA,NA,21,"Low","Warm",NA
"364","Rudd",11,0,"Rudd",260,"Mod","Cool","Rudd"
"365","Rudd",9,0,"Rudd",260,"Mod","Cool","Rudd"
"366","Rudd",29,0.0138888888888889,"Rudd",260,"Mod","Cool","Rudd"
"367","Rudd",18,0.060332939322301,"Rudd",260,"Mod","Cool","Rudd"
"368","Rudd",16,0.0359876543209877,"Rudd",260,"Mod","Cool","Rudd"
"369","Rudd",14,0.0398456790123457,"Rudd",260,"Mod","Cool","Rudd"
"370","Rudd",12,0.00308641975308642,"Rudd",260,"Mod","Cool","Rudd"
"371","Rudd",10,0,"Rudd",260,"Mod","Cool","Rudd"
"372","Rudd",30,0,"Rudd",260,"Mod","Cool","Rudd"
"373","Rudd",19,0.118465983714211,"Rudd",260,"Mod","Cool","Rudd"
"374","Rudd",17,0.170610717100079,"Rudd",260,"Mod","Cool","Rudd"
"375","Rudd",15,0.12709548200683,"Rudd",260,"Mod","Cool","Rudd"
"376","Rudd",13,0.00308641975308642,"Rudd",260,"Mod","Cool","Rudd"
"377","Rudd",22,0.0581494615182558,"Rudd",260,"Mod","Cool","Rudd"
"378","Rudd",31,0,"Rudd",260,"Mod","Cool","Rudd"
"379","Rudd",20,0.121195166798004,"Rudd",260,"Mod","Cool","Rudd"
"380","Rudd",32,0,"Rudd",260,"Mod","Cool","Rudd"
"381","Rudd",27,0.0302127659574468,"Rudd",260,"Mod","Cool","Rudd"
"382","Rudd",25,0.037037037037037,"Rudd",260,"Mod","Cool","Rudd"
"383","Rudd",23,0.0132991857105332,"Rudd",260,"Mod","Cool","Rudd"
"384","Rudd",26,0.0270061728395062,"Rudd",260,"Mod","Cool","Rudd"
"385","Rudd",21,0.0892802731809824,"Rudd",260,"Mod","Cool","Rudd"
"386","Rudd",33,0,"Rudd",260,"Mod","Cool","Rudd"
"387","Rudd",28,0.00666666666666667,"Rudd",260,"Mod","Cool","Rudd"
"388","Rudd",34,0,"Rudd",260,"Mod","Cool","Rudd"
"389","Rudd",24,0.0447530864197531,"Rudd",260,"Mod","Cool","Rudd"
"390","Rudd",35,0,"Rudd",260,"Mod","Cool","Rudd"
"391","Sea Lamprey",NA,NA,NA,5,"Low","Warm",NA
"392","Shorthead Redhorse",NA,NA,NA,26,"Low","Warm",NA
"393","Silver Lamprey",NA,NA,NA,2,"Low","Warm",NA
"394","Silver Redhorse",NA,NA,NA,7,"Low","Warm",NA
"395","Smallmouth Bass",NA,NA,NA,37,"Low","Warm",NA
"396","Spotted Gar",NA,NA,NA,1,"Low","Warm",NA
"397","Striped Bass",NA,NA,NA,1,"Low","Warm",NA
"398","Walleye",NA,NA,NA,14,"Low","Warm",NA
"399","White Bass",32,0.0111810681719496,"White Bass",450,"Mod","Warm","White Bass"
"400","White Bass",29,0.0184625524851089,"White Bass",450,"Mod","Warm","White Bass"
"401","White Bass",33,0.0157837603126357,"White Bass",450,"Mod","Warm","White Bass"
"402","White Bass",23,0.0796357759738325,"White Bass",450,"Mod","Warm","White Bass"
"403","White Bass",30,0.040695822001813,"White Bass",450,"Mod","Warm","White Bass"
"404","White Bass",20,0.115718340043948,"White Bass",450,"Mod","Warm","White Bass"
"405","White Bass",22,0.159019408053357,"White Bass",450,"Mod","Warm","White Bass"
"406","White Bass",12,0,"White Bass",450,"Mod","Warm","White Bass"
"407","White Bass",27,0.0219136996904025,"White Bass",450,"Mod","Warm","White Bass"
"408","White Bass",26,0.0308031191199884,"White Bass",450,"Mod","Warm","White Bass"
"409","White Bass",19,0.113022762932924,"White Bass",450,"Mod","Warm","White Bass"
"410","White Bass",15,0,"White Bass",450,"Mod","Warm","White Bass"
"411","White Bass",34,0.00303951367781155,"White Bass",450,"Mod","Warm","White Bass"
"412","White Bass",24,0.0703733790421391,"White Bass",450,"Mod","Warm","White Bass"
"413","White Bass",14,0.00357142857142857,"White Bass",450,"Mod","Warm","White Bass"
"414","White Bass",13,0,"White Bass",450,"Mod","Warm","White Bass"
"415","White Bass",31,0.0327679476045737,"White Bass",450,"Mod","Warm","White Bass"
"416","White Bass",21,0.122718966824234,"White Bass",450,"Mod","Warm","White Bass"
"417","White Bass",11,0,"White Bass",450,"Mod","Warm","White Bass"
"418","White Bass",10,0,"White Bass",450,"Mod","Warm","White Bass"
"419","White Bass",28,0.0422603683385194,"White Bass",450,"Mod","Warm","White Bass"
"420","White Bass",18,0.037499086980817,"White Bass",450,"Mod","Warm","White Bass"
"421","White Bass",17,0.0317143304690297,"White Bass",450,"Mod","Warm","White Bass"
"422","White Bass",16,0.0177474937343358,"White Bass",450,"Mod","Warm","White Bass"
"423","White Bass",35,0.00527915533514638,"White Bass",450,"Mod","Warm","White Bass"
"424","White Bass",25,0.0267920206360056,"White Bass",450,"Mod","Warm","White Bass"
"425","White Perch",9,0,"White Perch",1069,"High","Warm","White Perch"
"426","White Perch",22,0.0779149597355512,"White Perch",1069,"High","Warm","White Perch"
"427","White Perch",20,0.0860536464063798,"White Perch",1069,"High","Warm","White Perch"
"428","White Perch",30,0.00812275248832262,"White Perch",1069,"High","Warm","White Perch"
"429","White Perch",29,0.0106121797640645,"White Perch",1069,"High","Warm","White Perch"
"430","White Perch",21,0.0341216556868368,"White Perch",1069,"High","Warm","White Perch"
"431","White Perch",10,0,"White Perch",1069,"High","Warm","White Perch"
"432","White Perch",27,0.0277426123137529,"White Perch",1069,"High","Warm","White Perch"
"433","White Perch",26,0.0212187102853728,"White Perch",1069,"High","Warm","White Perch"
"434","White Perch",25,0.0172589313346936,"White Perch",1069,"High","Warm","White Perch"
"435","White Perch",11,0,"White Perch",1069,"High","Warm","White Perch"
"436","White Perch",23,0.0421469054004341,"White Perch",1069,"High","Warm","White Perch"
"437","White Perch",33,0.00692224442224442,"White Perch",1069,"High","Warm","White Perch"
"438","White Perch",32,0.00706212158540318,"White Perch",1069,"High","Warm","White Perch"
"439","White Perch",12,0.0051417004048583,"White Perch",1069,"High","Warm","White Perch"
"440","White Perch",31,0.0123549240484724,"White Perch",1069,"High","Warm","White Perch"
"441","White Perch",18,0.125916699397046,"White Perch",1069,"High","Warm","White Perch"
"442","White Perch",17,0.169879319778856,"White Perch",1069,"High","Warm","White Perch"
"443","White Perch",19,0.0994770812088389,"White Perch",1069,"High","Warm","White Perch"
"444","White Perch",28,0.011275981887362,"White Perch",1069,"High","Warm","White Perch"
"445","White Perch",34,0.00560629846344132,"White Perch",1069,"High","Warm","White Perch"
"446","White Perch",14,0.011736075577539,"White Perch",1069,"High","Warm","White Perch"
"447","White Perch",16,0.108604931161079,"White Perch",1069,"High","Warm","White Perch"
"448","White Perch",24,0.0339872656455149,"White Perch",1069,"High","Warm","White Perch"
"449","White Perch",35,0.00274582560296846,"White Perch",1069,"High","Warm","White Perch"
"450","White Perch",15,0.0587587684842533,"White Perch",1069,"High","Warm","White Perch"
"451","White Perch",13,0.0160395498810133,"White Perch",1069,"High","Warm","White Perch"
"452","White Sucker",13,0.0852920357268327,"White Sucker",110152,"High","Cool","White Sucker"
"453","White Sucker",9,0.00660626785821652,"White Sucker",110152,"High","Cool","White Sucker"
"454","White Sucker",20,0.0384625346684697,"White Sucker",110152,"High","Cool","White Sucker"
"455","White Sucker",10,0.0525399861039679,"White Sucker",110152,"High","Cool","White Sucker"
"456","White Sucker",16,0.101116648236657,"White Sucker",110152,"High","Cool","White Sucker"
"457","White Sucker",11,0.0736248642054685,"White Sucker",110152,"High","Cool","White Sucker"
"458","White Sucker",14,0.154188062259738,"White Sucker",110152,"High","Cool","White Sucker"
"459","White Sucker",18,0.0937695135444526,"White Sucker",110152,"High","Cool","White Sucker"
"460","White Sucker",21,0.0368131268747748,"White Sucker",110152,"High","Cool","White Sucker"
"461","White Sucker",19,0.0817704615722334,"White Sucker",110152,"High","Cool","White Sucker"
"462","White Sucker",17,0.0883947113766773,"White Sucker",110152,"High","Cool","White Sucker"
"463","White Sucker",12,0.054540688957091,"White Sucker",110152,"High","Cool","White Sucker"
"464","White Sucker",15,0.126509822595824,"White Sucker",110152,"High","Cool","White Sucker"
"465","White Sucker",24,0.00541086504114344,"White Sucker",110152,"High","Cool","White Sucker"
"466","White Sucker",22,0.0334709184347001,"White Sucker",110152,"High","Cool","White Sucker"
"467","White Sucker",31,5.18973052426848e-05,"White Sucker",110152,"High","Cool","White Sucker"
"468","White Sucker",29,0.000145059897863473,"White Sucker",110152,"High","Cool","White Sucker"
"469","White Sucker",32,0.000231236161412825,"White Sucker",110152,"High","Cool","White Sucker"
"470","White Sucker",27,0.000530607141332897,"White Sucker",110152,"High","Cool","White Sucker"
"471","White Sucker",25,0.00166545809498286,"White Sucker",110152,"High","Cool","White Sucker"
"472","White Sucker",23,0.0121336488884059,"White Sucker",110152,"High","Cool","White Sucker"
"473","White Sucker",26,0.00136973902417793,"White Sucker",110152,"High","Cool","White Sucker"
"474","White Sucker",30,0.000131248717022656,"White Sucker",110152,"High","Cool","White Sucker"
"475","White Sucker",33,8.52423341976769e-05,"White Sucker",110152,"High","Cool","White Sucker"
"476","White Sucker",28,0.000261997625823803,"White Sucker",110152,"High","Cool","White Sucker"
"477","White Sucker",34,1.11229756184374e-05,"White Sucker",110152,"High","Cool","White Sucker"
"478","White Sucker",35,1.11229756184374e-05,"White Sucker",110152,"High","Cool","White Sucker"
"479","Yellow Perch",30,0,"Yellow Perch",1087,"High","Cool","Yellow Perch"
"480","Yellow Perch",22,0.00126262626262626,"Yellow Perch",1087,"High","Cool","Yellow Perch"
"481","Yellow Perch",29,0,"Yellow Perch",1087,"High","Cool","Yellow Perch"
"482","Yellow Perch",11,0.0773713385243441,"Yellow Perch",1087,"High","Cool","Yellow Perch"
"483","Yellow Perch",9,0.110144927536232,"Yellow Perch",1087,"High","Cool","Yellow Perch"
"484","Yellow Perch",16,0.200190509425546,"Yellow Perch",1087,"High","Cool","Yellow Perch"
"485","Yellow Perch",31,0,"Yellow Perch",1087,"High","Cool","Yellow Perch"
"486","Yellow Perch",23,0,"Yellow Perch",1087,"High","Cool","Yellow Perch"
"487","Yellow Perch",32,0,"Yellow Perch",1087,"High","Cool","Yellow Perch"
"488","Yellow Perch",12,0.112823526282757,"Yellow Perch",1087,"High","Cool","Yellow Perch"
"489","Yellow Perch",10,0.0640755379885815,"Yellow Perch",1087,"High","Cool","Yellow Perch"
"490","Yellow Perch",17,0.142005516358164,"Yellow Perch",1087,"High","Cool","Yellow Perch"
"491","Yellow Perch",15,0.146466759248733,"Yellow Perch",1087,"High","Cool","Yellow Perch"
"492","Yellow Perch",24,0,"Yellow Perch",1087,"High","Cool","Yellow Perch"
"493","Yellow Perch",33,0,"Yellow Perch",1087,"High","Cool","Yellow Perch"
"494","Yellow Perch",13,0.0820422615408772,"Yellow Perch",1087,"High","Cool","Yellow Perch"
"495","Yellow Perch",20,0,"Yellow Perch",1087,"High","Cool","Yellow Perch"
"496","Yellow Perch",18,0.064257874043941,"Yellow Perch",1087,"High","Cool","Yellow Perch"
"497","Yellow Perch",27,0,"Yellow Perch",1087,"High","Cool","Yellow Perch"
"498","Yellow Perch",25,0,"Yellow Perch",1087,"High","Cool","Yellow Perch"
"499","Yellow Perch",34,0,"Yellow Perch",1087,"High","Cool","Yellow Perch"
"500","Yellow Perch",14,0.120510995170562,"Yellow Perch",1087,"High","Cool","Yellow Perch"
"501","Yellow Perch",21,0.00104493207941484,"Yellow Perch",1087,"High","Cool","Yellow Perch"
"502","Yellow Perch",19,0.0169395821569735,"Yellow Perch",1087,"High","Cool","Yellow Perch"
"503","Yellow Perch",28,0,"Yellow Perch",1087,"High","Cool","Yellow Perch"
"504","Yellow Perch",26,0,"Yellow Perch",1087,"High","Cool","Yellow Perch"
"505","Yellow Perch",35,0,"Yellow Perch",1087,"High","Cool","Yellow Perch"
